feature,category,total,bad_count,good_count,bad_rate,good_rate,risk_level
Attribute1,A11,274,135,139,0.4927007299270073,0.5072992700729927,medium
Attribute1,A12,269,105,164,0.3903345724907063,0.6096654275092936,medium
Attribute1,A13,63,14,49,0.2222222222222222,0.7777777777777778,low
Attribute1,A14,394,46,348,0.116751269035533,0.883248730964467,low
Attribute10,A102,41,18,23,0.43902439024390244,0.5609756097560976,medium
Attribute10,A101,907,272,635,0.29988974641675853,0.7001102535832414,low
Attribute10,A103,52,10,42,0.19230769230769232,0.8076923076923077,low
Attribute11,2,308,97,211,0.31493506493506496,0.685064935064935,medium
Attribute11,4,413,124,289,0.30024213075060535,0.6997578692493946,medium
Attribute11,3,149,43,106,0.28859060402684567,0.7114093959731543,low
Attribute11,1,130,36,94,0.27692307692307694,0.7230769230769231,low
Attribute12,A124,154,67,87,0.43506493506493504,0.564935064935065,medium
Attribute12,A123,332,102,230,0.3072289156626506,0.6927710843373494,medium
Attribute12,A122,232,71,161,0.30603448275862066,0.6939655172413793,medium
Attribute12,A121,282,60,222,0.2127659574468085,0.7872340425531915,low
Attribute13,53,7,5,2,0.7142857142857143,0.2857142857142857,high
Attribute13,68,3,2,1,0.6666666666666666,0.3333333333333333,high
Attribute13,19,2,1,1,0.5,0.5,medium
Attribute13,60,6,3,3,0.5,0.5,medium
Attribute13,25,41,19,22,0.4634146341463415,0.5365853658536586,medium
Attribute13,24,44,19,25,0.4318181818181818,0.5681818181818182,medium
Attribute13,61,7,3,4,0.42857142857142855,0.5714285714285714,medium
Attribute13,23,48,20,28,0.4166666666666667,0.5833333333333334,medium
Attribute13,22,27,11,16,0.4074074074074074,0.5925925925925926,medium
Attribute13,29,37,15,22,0.40540540540540543,0.5945945945945946,medium
Attribute13,58,5,2,3,0.4,0.6,medium
Attribute13,66,5,2,3,0.4,0.6,medium
Attribute13,33,33,13,20,0.3939393939393939,0.6060606060606061,medium
Attribute13,55,8,3,5,0.375,0.625,medium
Attribute13,42,22,8,14,0.36363636363636365,0.6363636363636364,medium
Attribute13,20,14,5,9,0.35714285714285715,0.6428571428571429,medium
Attribute13,21,14,5,9,0.35714285714285715,0.6428571428571429,medium
Attribute13,28,43,15,28,0.3488372093023256,0.6511627906976745,medium
Attribute13,34,32,11,21,0.34375,0.65625,medium
Attribute13,57,9,3,6,0.3333333333333333,0.6666666666666666,medium
Attribute13,59,3,1,2,0.3333333333333333,0.6666666666666666,medium
Attribute13,43,17,5,12,0.29411764705882354,0.7058823529411765,low
Attribute13,44,17,5,12,0.29411764705882354,0.7058823529411765,low
Attribute13,47,17,5,12,0.29411764705882354,0.7058823529411765,low
Attribute13,31,38,11,27,0.2894736842105263,0.7105263157894737,low
Attribute13,39,21,6,15,0.2857142857142857,0.7142857142857143,low
Attribute13,26,50,14,36,0.28,0.72,low
Attribute13,37,29,8,21,0.27586206896551724,0.7241379310344828,low
Attribute13,30,40,11,29,0.275,0.725,low
Attribute13,32,34,9,25,0.2647058823529412,0.7352941176470589,low
Attribute13,27,51,13,38,0.2549019607843137,0.7450980392156863,low
Attribute13,48,12,3,9,0.25,0.75,low
Attribute13,50,12,3,9,0.25,0.75,low
Attribute13,74,4,1,3,0.25,0.75,low
Attribute13,40,25,6,19,0.24,0.76,low
Attribute13,41,17,4,13,0.23529411764705882,0.7647058823529411,low
Attribute13,46,18,4,14,0.2222222222222222,0.7777777777777778,low
Attribute13,45,15,3,12,0.2,0.8,low
Attribute13,54,10,2,8,0.2,0.8,low
Attribute13,65,5,1,4,0.2,0.8,low
Attribute13,38,24,4,20,0.16666666666666666,0.8333333333333334,low
Attribute13,36,39,6,33,0.15384615384615385,0.8461538461538461,low
Attribute13,35,40,6,34,0.15,0.85,low
Attribute13,51,8,1,7,0.125,0.875,low
Attribute13,63,8,1,7,0.125,0.875,low
Attribute13,52,9,1,8,0.1111111111111111,0.8888888888888888,low
Attribute13,49,14,1,13,0.07142857142857142,0.9285714285714286,low
Attribute13,56,3,0,3,0.0,1.0,low
Attribute13,62,2,0,2,0.0,1.0,low
Attribute13,64,5,0,5,0.0,1.0,low
Attribute13,67,3,0,3,0.0,1.0,low
Attribute13,70,1,0,1,0.0,1.0,low
Attribute13,75,2,0,2,0.0,1.0,low
Attribute14,A141,139,57,82,0.41007194244604317,0.5899280575539568,medium
Attribute14,A142,47,19,28,0.40425531914893614,0.5957446808510638,medium
Attribute14,A143,814,224,590,0.2751842751842752,0.7248157248157249,low
Attribute15,A153,108,44,64,0.4074074074074074,0.5925925925925926,medium
Attribute15,A151,179,70,109,0.39106145251396646,0.6089385474860335,medium
Attribute15,A152,713,186,527,0.2608695652173913,0.7391304347826086,low
Attribute16,4,6,2,4,0.3333333333333333,0.6666666666666666,medium
Attribute16,1,633,200,433,0.315955766192733,0.684044233807267,medium
Attribute16,2,333,92,241,0.27627627627627627,0.7237237237237237,low
Attribute16,3,28,6,22,0.21428571428571427,0.7857142857142857,low
Attribute17,A174,148,51,97,0.34459459459459457,0.6554054054054054,medium
Attribute17,A171,22,7,15,0.3181818181818182,0.6818181818181818,medium
Attribute17,A173,630,186,444,0.29523809523809524,0.7047619047619048,low
Attribute17,A172,200,56,144,0.28,0.72,low
Attribute18,1,845,254,591,0.3005917159763314,0.6994082840236686,medium
Attribute18,2,155,46,109,0.2967741935483871,0.7032258064516129,low
Attribute19,A191,596,187,409,0.313758389261745,0.6862416107382551,medium
Attribute19,A192,404,113,291,0.27970297029702973,0.7202970297029703,low
Attribute2,40,1,1,0,1.0,0.0,high
Attribute2,72,1,1,0,1.0,0.0,high
Attribute2,45,5,4,1,0.8,0.2,high
Attribute2,48,48,28,20,0.5833333333333334,0.4166666666666667,high
Attribute2,16,2,1,1,0.5,0.5,medium
Attribute2,54,2,1,1,0.5,0.5,medium
Attribute2,60,13,6,7,0.46153846153846156,0.5384615384615384,medium
Attribute2,36,83,37,46,0.4457831325301205,0.5542168674698795,medium
Attribute2,27,13,5,8,0.38461538461538464,0.6153846153846154,medium
Attribute2,18,113,42,71,0.37168141592920356,0.6283185840707964,medium
Attribute2,28,3,1,2,0.3333333333333333,0.6666666666666666,medium
Attribute2,33,3,1,2,0.3333333333333333,0.6666666666666666,medium
Attribute2,30,40,13,27,0.325,0.675,medium
Attribute2,24,184,56,128,0.30434782608695654,0.6956521739130435,medium
Attribute2,21,30,9,21,0.3,0.7,low
Attribute2,9,49,14,35,0.2857142857142857,0.7142857142857143,low
Attribute2,12,179,49,130,0.2737430167597765,0.7262569832402235,low
Attribute2,42,11,3,8,0.2727272727272727,0.7272727272727273,low
Attribute2,14,4,1,3,0.25,0.75,low
Attribute2,39,5,1,4,0.2,0.8,low
Attribute2,15,64,12,52,0.1875,0.8125,low
Attribute2,8,7,1,6,0.14285714285714285,0.8571428571428571,low
Attribute2,20,8,1,7,0.125,0.875,low
Attribute2,6,75,9,66,0.12,0.88,low
Attribute2,10,28,3,25,0.10714285714285714,0.8928571428571429,low
Attribute2,4,6,0,6,0.0,1.0,low
Attribute2,5,1,0,1,0.0,1.0,low
Attribute2,7,5,0,5,0.0,1.0,low
Attribute2,11,9,0,9,0.0,1.0,low
Attribute2,13,4,0,4,0.0,1.0,low
Attribute2,22,2,0,2,0.0,1.0,low
Attribute2,26,1,0,1,0.0,1.0,low
Attribute2,47,1,0,1,0.0,1.0,low
Attribute20,A201,963,296,667,0.3073727933541018,0.6926272066458983,medium
Attribute20,A202,37,4,33,0.10810810810810811,0.8918918918918919,low
Attribute3,A30,40,25,15,0.625,0.375,high
Attribute3,A31,49,28,21,0.5714285714285714,0.42857142857142855,high
Attribute3,A32,530,169,361,0.31886792452830187,0.6811320754716981,medium
Attribute3,A33,88,28,60,0.3181818181818182,0.6818181818181818,medium
Attribute3,A34,293,50,243,0.17064846416382254,0.8293515358361775,low
Attribute4,A46,50,22,28,0.44,0.56,medium
Attribute4,A410,12,5,7,0.4166666666666667,0.5833333333333334,medium
Attribute4,A40,234,89,145,0.3803418803418803,0.6196581196581197,medium
Attribute4,A45,22,8,14,0.36363636363636365,0.6363636363636364,medium
Attribute4,A49,97,34,63,0.35051546391752575,0.6494845360824743,medium
Attribute4,A44,12,4,8,0.3333333333333333,0.6666666666666666,medium
Attribute4,A42,181,58,123,0.32044198895027626,0.6795580110497238,medium
Attribute4,A43,280,62,218,0.22142857142857142,0.7785714285714286,low
Attribute4,A41,103,17,86,0.1650485436893204,0.8349514563106796,low
Attribute4,A48,9,1,8,0.1111111111111111,0.8888888888888888,low
Attribute5,433,2,2,0,1.0,0.0,high
Attribute5,448,1,1,0,1.0,0.0,high
Attribute5,626,1,1,0,1.0,0.0,high
Attribute5,639,1,1,0,1.0,0.0,high
Attribute5,654,1,1,0,1.0,0.0,high
Attribute5,674,1,1,0,1.0,0.0,high
Attribute5,684,1,1,0,1.0,0.0,high
Attribute5,685,1,1,0,1.0,0.0,high
Attribute5,691,1,1,0,1.0,0.0,high
Attribute5,697,1,1,0,1.0,0.0,high
Attribute5,719,1,1,0,1.0,0.0,high
Attribute5,741,1,1,0,1.0,0.0,high
Attribute5,745,1,1,0,1.0,0.0,high
Attribute5,750,1,1,0,1.0,0.0,high
Attribute5,759,1,1,0,1.0,0.0,high
Attribute5,766,1,1,0,1.0,0.0,high
Attribute5,795,1,1,0,1.0,0.0,high
Attribute5,797,1,1,0,1.0,0.0,high
Attribute5,836,1,1,0,1.0,0.0,high
Attribute5,884,1,1,0,1.0,0.0,high
Attribute5,888,1,1,0,1.0,0.0,high
Attribute5,900,1,1,0,1.0,0.0,high
Attribute5,902,1,1,0,1.0,0.0,high
Attribute5,915,1,1,0,1.0,0.0,high
Attribute5,918,1,1,0,1.0,0.0,high
Attribute5,931,1,1,0,1.0,0.0,high
Attribute5,939,1,1,0,1.0,0.0,high
Attribute5,947,1,1,0,1.0,0.0,high
Attribute5,950,1,1,0,1.0,0.0,high
Attribute5,951,1,1,0,1.0,0.0,high
Attribute5,959,1,1,0,1.0,0.0,high
Attribute5,1024,1,1,0,1.0,0.0,high
Attribute5,1042,1,1,0,1.0,0.0,high
Attribute5,1056,1,1,0,1.0,0.0,high
Attribute5,1108,1,1,0,1.0,0.0,high
Attribute5,1123,1,1,0,1.0,0.0,high
Attribute5,1131,1,1,0,1.0,0.0,high
Attribute5,1136,1,1,0,1.0,0.0,high
Attribute5,1188,1,1,0,1.0,0.0,high
Attribute5,1190,1,1,0,1.0,0.0,high
Attribute5,1193,1,1,0,1.0,0.0,high
Attribute5,1198,1,1,0,1.0,0.0,high
Attribute5,1207,1,1,0,1.0,0.0,high
Attribute5,1209,1,1,0,1.0,0.0,high
Attribute5,1216,2,2,0,1.0,0.0,high
Attribute5,1217,1,1,0,1.0,0.0,high
Attribute5,1223,1,1,0,1.0,0.0,high
Attribute5,1228,1,1,0,1.0,0.0,high
Attribute5,1245,1,1,0,1.0,0.0,high
Attribute5,1246,1,1,0,1.0,0.0,high
Attribute5,1271,1,1,0,1.0,0.0,high
Attribute5,1274,1,1,0,1.0,0.0,high
Attribute5,1282,2,2,0,1.0,0.0,high
Attribute5,1285,1,1,0,1.0,0.0,high
Attribute5,1309,1,1,0,1.0,0.0,high
Attribute5,1331,1,1,0,1.0,0.0,high
Attribute5,1333,1,1,0,1.0,0.0,high
Attribute5,1337,1,1,0,1.0,0.0,high
Attribute5,1345,1,1,0,1.0,0.0,high
Attribute5,1355,1,1,0,1.0,0.0,high
Attribute5,1358,1,1,0,1.0,0.0,high
Attribute5,1366,1,1,0,1.0,0.0,high
Attribute5,1371,1,1,0,1.0,0.0,high
Attribute5,1372,1,1,0,1.0,0.0,high
Attribute5,1381,1,1,0,1.0,0.0,high
Attribute5,1422,1,1,0,1.0,0.0,high
Attribute5,1437,1,1,0,1.0,0.0,high
Attribute5,1442,2,2,0,1.0,0.0,high
Attribute5,1484,1,1,0,1.0,0.0,high
Attribute5,1501,1,1,0,1.0,0.0,high
Attribute5,1512,1,1,0,1.0,0.0,high
Attribute5,1530,1,1,0,1.0,0.0,high
Attribute5,1534,1,1,0,1.0,0.0,high
Attribute5,1555,1,1,0,1.0,0.0,high
Attribute5,1647,1,1,0,1.0,0.0,high
Attribute5,1659,1,1,0,1.0,0.0,high
Attribute5,1670,1,1,0,1.0,0.0,high
Attribute5,1778,1,1,0,1.0,0.0,high
Attribute5,1808,1,1,0,1.0,0.0,high
Attribute5,1819,1,1,0,1.0,0.0,high
Attribute5,1823,1,1,0,1.0,0.0,high
Attribute5,1835,1,1,0,1.0,0.0,high
Attribute5,1837,1,1,0,1.0,0.0,high
Attribute5,1842,1,1,0,1.0,0.0,high
Attribute5,1864,1,1,0,1.0,0.0,high
Attribute5,1882,1,1,0,1.0,0.0,high
Attribute5,1908,1,1,0,1.0,0.0,high
Attribute5,1922,1,1,0,1.0,0.0,high
Attribute5,1928,1,1,0,1.0,0.0,high
Attribute5,1938,1,1,0,1.0,0.0,high
Attribute5,1943,1,1,0,1.0,0.0,high
Attribute5,1953,1,1,0,1.0,0.0,high
Attribute5,1977,1,1,0,1.0,0.0,high
Attribute5,1980,1,1,0,1.0,0.0,high
Attribute5,1987,1,1,0,1.0,0.0,high
Attribute5,2039,2,2,0,1.0,0.0,high
Attribute5,2064,1,1,0,1.0,0.0,high
Attribute5,2100,1,1,0,1.0,0.0,high
Attribute5,2124,1,1,0,1.0,0.0,high
Attribute5,2145,1,1,0,1.0,0.0,high
Attribute5,2149,1,1,0,1.0,0.0,high
Attribute5,2150,1,1,0,1.0,0.0,high
Attribute5,2169,1,1,0,1.0,0.0,high
Attribute5,2210,1,1,0,1.0,0.0,high
Attribute5,2225,1,1,0,1.0,0.0,high
Attribute5,2235,1,1,0,1.0,0.0,high
Attribute5,2246,1,1,0,1.0,0.0,high
Attribute5,2278,1,1,0,1.0,0.0,high
Attribute5,2292,1,1,0,1.0,0.0,high
Attribute5,2302,1,1,0,1.0,0.0,high
Attribute5,2303,1,1,0,1.0,0.0,high
Attribute5,2319,1,1,0,1.0,0.0,high
Attribute5,2327,1,1,0,1.0,0.0,high
Attribute5,2359,1,1,0,1.0,0.0,high
Attribute5,2397,1,1,0,1.0,0.0,high
Attribute5,2439,1,1,0,1.0,0.0,high
Attribute5,2462,1,1,0,1.0,0.0,high
Attribute5,2473,1,1,0,1.0,0.0,high
Attribute5,2520,1,1,0,1.0,0.0,high
Attribute5,2538,1,1,0,1.0,0.0,high
Attribute5,2570,1,1,0,1.0,0.0,high
Attribute5,2579,1,1,0,1.0,0.0,high
Attribute5,2580,1,1,0,1.0,0.0,high
Attribute5,2600,1,1,0,1.0,0.0,high
Attribute5,2625,1,1,0,1.0,0.0,high
Attribute5,2671,1,1,0,1.0,0.0,high
Attribute5,2712,1,1,0,1.0,0.0,high
Attribute5,2718,1,1,0,1.0,0.0,high
Attribute5,2746,1,1,0,1.0,0.0,high
Attribute5,2762,1,1,0,1.0,0.0,high
Attribute5,2767,1,1,0,1.0,0.0,high
Attribute5,2775,1,1,0,1.0,0.0,high
Attribute5,2820,1,1,0,1.0,0.0,high
Attribute5,2864,1,1,0,1.0,0.0,high
Attribute5,2969,1,1,0,1.0,0.0,high
Attribute5,2996,1,1,0,1.0,0.0,high
Attribute5,3031,1,1,0,1.0,0.0,high
Attribute5,3051,1,1,0,1.0,0.0,high
Attribute5,3060,1,1,0,1.0,0.0,high
Attribute5,3092,1,1,0,1.0,0.0,high
Attribute5,3108,1,1,0,1.0,0.0,high
Attribute5,3114,1,1,0,1.0,0.0,high
Attribute5,3123,1,1,0,1.0,0.0,high
Attribute5,3161,1,1,0,1.0,0.0,high
Attribute5,3190,1,1,0,1.0,0.0,high
Attribute5,3234,1,1,0,1.0,0.0,high
Attribute5,3345,1,1,0,1.0,0.0,high
Attribute5,3349,2,2,0,1.0,0.0,high
Attribute5,3384,1,1,0,1.0,0.0,high
Attribute5,3386,1,1,0,1.0,0.0,high
Attribute5,3414,1,1,0,1.0,0.0,high
Attribute5,3441,1,1,0,1.0,0.0,high
Attribute5,3446,1,1,0,1.0,0.0,high
Attribute5,3499,1,1,0,1.0,0.0,high
Attribute5,3552,1,1,0,1.0,0.0,high
Attribute5,3621,1,1,0,1.0,0.0,high
Attribute5,3804,1,1,0,1.0,0.0,high
Attribute5,3844,1,1,0,1.0,0.0,high
Attribute5,3914,1,1,0,1.0,0.0,high
Attribute5,3915,1,1,0,1.0,0.0,high
Attribute5,3931,1,1,0,1.0,0.0,high
Attribute5,3965,1,1,0,1.0,0.0,high
Attribute5,3966,1,1,0,1.0,0.0,high
Attribute5,4006,1,1,0,1.0,0.0,high
Attribute5,4057,1,1,0,1.0,0.0,high
Attribute5,4110,1,1,0,1.0,0.0,high
Attribute5,4113,1,1,0,1.0,0.0,high
Attribute5,4153,1,1,0,1.0,0.0,high
Attribute5,4165,1,1,0,1.0,0.0,high
Attribute5,4210,1,1,0,1.0,0.0,high
Attribute5,4241,1,1,0,1.0,0.0,high
Attribute5,4249,1,1,0,1.0,0.0,high
Attribute5,4280,1,1,0,1.0,0.0,high
Attribute5,4281,1,1,0,1.0,0.0,high
Attribute5,4297,1,1,0,1.0,0.0,high
Attribute5,4308,1,1,0,1.0,0.0,high
Attribute5,4370,1,1,0,1.0,0.0,high
Attribute5,4455,1,1,0,1.0,0.0,high
Attribute5,4463,1,1,0,1.0,0.0,high
Attribute5,4591,1,1,0,1.0,0.0,high
Attribute5,4605,1,1,0,1.0,0.0,high
Attribute5,4611,1,1,0,1.0,0.0,high
Attribute5,4623,1,1,0,1.0,0.0,high
Attribute5,4736,1,1,0,1.0,0.0,high
Attribute5,4746,1,1,0,1.0,0.0,high
Attribute5,4817,1,1,0,1.0,0.0,high
Attribute5,4843,1,1,0,1.0,0.0,high
Attribute5,4844,1,1,0,1.0,0.0,high
Attribute5,4870,1,1,0,1.0,0.0,high
Attribute5,4933,1,1,0,1.0,0.0,high
Attribute5,5003,1,1,0,1.0,0.0,high
Attribute5,5096,1,1,0,1.0,0.0,high
Attribute5,5129,1,1,0,1.0,0.0,high
Attribute5,5179,1,1,0,1.0,0.0,high
Attribute5,5234,1,1,0,1.0,0.0,high
Attribute5,5293,1,1,0,1.0,0.0,high
Attribute5,5595,1,1,0,1.0,0.0,high
Attribute5,5943,1,1,0,1.0,0.0,high
Attribute5,5951,1,1,0,1.0,0.0,high
Attribute5,5998,1,1,0,1.0,0.0,high
Attribute5,6143,1,1,0,1.0,0.0,high
Attribute5,6199,1,1,0,1.0,0.0,high
Attribute5,6224,1,1,0,1.0,0.0,high
Attribute5,6229,1,1,0,1.0,0.0,high
Attribute5,6288,1,1,0,1.0,0.0,high
Attribute5,6331,1,1,0,1.0,0.0,high
Attribute5,6350,1,1,0,1.0,0.0,high
Attribute5,6416,1,1,0,1.0,0.0,high
Attribute5,6458,1,1,0,1.0,0.0,high
Attribute5,6560,1,1,0,1.0,0.0,high
Attribute5,6758,1,1,0,1.0,0.0,high
Attribute5,6836,1,1,0,1.0,0.0,high
Attribute5,6850,1,1,0,1.0,0.0,high
Attribute5,6872,1,1,0,1.0,0.0,high
Attribute5,6887,1,1,0,1.0,0.0,high
Attribute5,6999,1,1,0,1.0,0.0,high
Attribute5,7119,1,1,0,1.0,0.0,high
Attribute5,7127,1,1,0,1.0,0.0,high
Attribute5,7174,1,1,0,1.0,0.0,high
Attribute5,7297,1,1,0,1.0,0.0,high
Attribute5,7408,1,1,0,1.0,0.0,high
Attribute5,7485,1,1,0,1.0,0.0,high
Attribute5,7511,1,1,0,1.0,0.0,high
Attribute5,7685,1,1,0,1.0,0.0,high
Attribute5,7763,1,1,0,1.0,0.0,high
Attribute5,7855,1,1,0,1.0,0.0,high
Attribute5,7865,1,1,0,1.0,0.0,high
Attribute5,7980,1,1,0,1.0,0.0,high
Attribute5,8065,1,1,0,1.0,0.0,high
Attribute5,8086,1,1,0,1.0,0.0,high
Attribute5,8229,1,1,0,1.0,0.0,high
Attribute5,8318,1,1,0,1.0,0.0,high
Attribute5,8335,1,1,0,1.0,0.0,high
Attribute5,8386,1,1,0,1.0,0.0,high
Attribute5,8648,1,1,0,1.0,0.0,high
Attribute5,8978,1,1,0,1.0,0.0,high
Attribute5,9034,1,1,0,1.0,0.0,high
Attribute5,9271,1,1,0,1.0,0.0,high
Attribute5,9398,1,1,0,1.0,0.0,high
Attribute5,9572,1,1,0,1.0,0.0,high
Attribute5,9629,1,1,0,1.0,0.0,high
Attribute5,9960,1,1,0,1.0,0.0,high
Attribute5,10127,1,1,0,1.0,0.0,high
Attribute5,10297,1,1,0,1.0,0.0,high
Attribute5,10961,1,1,0,1.0,0.0,high
Attribute5,10974,1,1,0,1.0,0.0,high
Attribute5,11328,1,1,0,1.0,0.0,high
Attribute5,11560,1,1,0,1.0,0.0,high
Attribute5,11590,1,1,0,1.0,0.0,high
Attribute5,11816,1,1,0,1.0,0.0,high
Attribute5,11938,1,1,0,1.0,0.0,high
Attribute5,11998,1,1,0,1.0,0.0,high
Attribute5,12389,1,1,0,1.0,0.0,high
Attribute5,12579,1,1,0,1.0,0.0,high
Attribute5,12612,1,1,0,1.0,0.0,high
Attribute5,12680,1,1,0,1.0,0.0,high
Attribute5,12976,1,1,0,1.0,0.0,high
Attribute5,14027,1,1,0,1.0,0.0,high
Attribute5,14318,1,1,0,1.0,0.0,high
Attribute5,14421,1,1,0,1.0,0.0,high
Attribute5,14555,1,1,0,1.0,0.0,high
Attribute5,14782,1,1,0,1.0,0.0,high
Attribute5,14896,1,1,0,1.0,0.0,high
Attribute5,15672,1,1,0,1.0,0.0,high
Attribute5,15945,1,1,0,1.0,0.0,high
Attribute5,18424,1,1,0,1.0,0.0,high
Attribute5,609,2,1,1,0.5,0.5,medium
Attribute5,709,2,1,1,0.5,0.5,medium
Attribute5,727,2,1,1,0.5,0.5,medium
Attribute5,802,2,1,1,0.5,0.5,medium
Attribute5,976,2,1,1,0.5,0.5,medium
Attribute5,1082,2,1,1,0.5,0.5,medium
Attribute5,1199,2,1,1,0.5,0.5,medium
Attribute5,1237,2,1,1,0.5,0.5,medium
Attribute5,1240,2,1,1,0.5,0.5,medium
Attribute5,1264,2,1,1,0.5,0.5,medium
Attribute5,1295,2,1,1,0.5,0.5,medium
Attribute5,1344,2,1,1,0.5,0.5,medium
Attribute5,1386,2,1,1,0.5,0.5,medium
Attribute5,1533,2,1,1,0.5,0.5,medium
Attribute5,1546,2,1,1,0.5,0.5,medium
Attribute5,1553,2,1,1,0.5,0.5,medium
Attribute5,1845,2,1,1,0.5,0.5,medium
Attribute5,1919,2,1,1,0.5,0.5,medium
Attribute5,1924,2,1,1,0.5,0.5,medium
Attribute5,1935,2,1,1,0.5,0.5,medium
Attribute5,2384,2,1,1,0.5,0.5,medium
Attribute5,2406,2,1,1,0.5,0.5,medium
Attribute5,2631,2,1,1,0.5,0.5,medium
Attribute5,3959,2,1,1,0.5,0.5,medium
Attribute5,6468,2,1,1,0.5,0.5,medium
Attribute5,6761,2,1,1,0.5,0.5,medium
Attribute5,1275,3,1,2,0.3333333333333333,0.6666666666666666,medium
Attribute5,1478,3,1,2,0.3333333333333333,0.6666666666666666,medium
Attribute5,250,1,0,1,0.0,1.0,low
Attribute5,276,1,0,1,0.0,1.0,low
Attribute5,338,1,0,1,0.0,1.0,low
Attribute5,339,1,0,1,0.0,1.0,low
Attribute5,343,1,0,1,0.0,1.0,low
Attribute5,362,1,0,1,0.0,1.0,low
Attribute5,368,1,0,1,0.0,1.0,low
Attribute5,385,1,0,1,0.0,1.0,low
Attribute5,392,1,0,1,0.0,1.0,low
Attribute5,409,1,0,1,0.0,1.0,low
Attribute5,426,1,0,1,0.0,1.0,low
Attribute5,428,1,0,1,0.0,1.0,low
Attribute5,454,1,0,1,0.0,1.0,low
Attribute5,458,1,0,1,0.0,1.0,low
Attribute5,484,1,0,1,0.0,1.0,low
Attribute5,518,1,0,1,0.0,1.0,low
Attribute5,522,1,0,1,0.0,1.0,low
Attribute5,571,1,0,1,0.0,1.0,low
Attribute5,585,1,0,1,0.0,1.0,low
Attribute5,590,1,0,1,0.0,1.0,low
Attribute5,601,1,0,1,0.0,1.0,low
Attribute5,618,1,0,1,0.0,1.0,low
Attribute5,625,1,0,1,0.0,1.0,low
Attribute5,629,1,0,1,0.0,1.0,low
Attribute5,640,1,0,1,0.0,1.0,low
Attribute5,652,1,0,1,0.0,1.0,low
Attribute5,660,1,0,1,0.0,1.0,low
Attribute5,662,1,0,1,0.0,1.0,low
Attribute5,666,1,0,1,0.0,1.0,low
Attribute5,672,1,0,1,0.0,1.0,low
Attribute5,682,1,0,1,0.0,1.0,low
Attribute5,683,1,0,1,0.0,1.0,low
Attribute5,700,1,0,1,0.0,1.0,low
Attribute5,701,2,0,2,0.0,1.0,low
Attribute5,707,1,0,1,0.0,1.0,low
Attribute5,708,1,0,1,0.0,1.0,low
Attribute5,717,2,0,2,0.0,1.0,low
Attribute5,730,1,0,1,0.0,1.0,low
Attribute5,731,1,0,1,0.0,1.0,low
Attribute5,753,1,0,1,0.0,1.0,low
Attribute5,754,1,0,1,0.0,1.0,low
Attribute5,760,1,0,1,0.0,1.0,low
Attribute5,763,1,0,1,0.0,1.0,low
Attribute5,776,1,0,1,0.0,1.0,low
Attribute5,781,1,0,1,0.0,1.0,low
Attribute5,783,1,0,1,0.0,1.0,low
Attribute5,790,1,0,1,0.0,1.0,low
Attribute5,804,1,0,1,0.0,1.0,low
Attribute5,806,1,0,1,0.0,1.0,low
Attribute5,841,1,0,1,0.0,1.0,low
Attribute5,846,1,0,1,0.0,1.0,low
Attribute5,860,1,0,1,0.0,1.0,low
Attribute5,866,1,0,1,0.0,1.0,low
Attribute5,874,1,0,1,0.0,1.0,low
Attribute5,882,1,0,1,0.0,1.0,low
Attribute5,886,1,0,1,0.0,1.0,low
Attribute5,894,1,0,1,0.0,1.0,low
Attribute5,907,1,0,1,0.0,1.0,low
Attribute5,909,1,0,1,0.0,1.0,low
Attribute5,926,1,0,1,0.0,1.0,low
Attribute5,929,1,0,1,0.0,1.0,low
Attribute5,930,1,0,1,0.0,1.0,low
Attribute5,932,2,0,2,0.0,1.0,low
Attribute5,936,1,0,1,0.0,1.0,low
Attribute5,937,1,0,1,0.0,1.0,low
Attribute5,958,1,0,1,0.0,1.0,low
Attribute5,960,1,0,1,0.0,1.0,low
Attribute5,975,1,0,1,0.0,1.0,low
Attribute5,983,1,0,1,0.0,1.0,low
Attribute5,996,1,0,1,0.0,1.0,low
Attribute5,999,1,0,1,0.0,1.0,low
Attribute5,1007,1,0,1,0.0,1.0,low
Attribute5,1028,1,0,1,0.0,1.0,low
Attribute5,1037,1,0,1,0.0,1.0,low
Attribute5,1038,1,0,1,0.0,1.0,low
Attribute5,1047,1,0,1,0.0,1.0,low
Attribute5,1048,1,0,1,0.0,1.0,low
Attribute5,1049,1,0,1,0.0,1.0,low
Attribute5,1050,1,0,1,0.0,1.0,low
Attribute5,1053,1,0,1,0.0,1.0,low
Attribute5,1055,1,0,1,0.0,1.0,low
Attribute5,1068,1,0,1,0.0,1.0,low
Attribute5,1076,1,0,1,0.0,1.0,low
Attribute5,1092,1,0,1,0.0,1.0,low
Attribute5,1098,1,0,1,0.0,1.0,low
Attribute5,1101,1,0,1,0.0,1.0,low
Attribute5,1103,1,0,1,0.0,1.0,low
Attribute5,1107,1,0,1,0.0,1.0,low
Attribute5,1113,1,0,1,0.0,1.0,low
Attribute5,1126,2,0,2,0.0,1.0,low
Attribute5,1138,1,0,1,0.0,1.0,low
Attribute5,1149,1,0,1,0.0,1.0,low
Attribute5,1154,2,0,2,0.0,1.0,low
Attribute5,1155,1,0,1,0.0,1.0,low
Attribute5,1158,1,0,1,0.0,1.0,low
Attribute5,1163,1,0,1,0.0,1.0,low
Attribute5,1164,1,0,1,0.0,1.0,low
Attribute5,1168,1,0,1,0.0,1.0,low
Attribute5,1169,2,0,2,0.0,1.0,low
Attribute5,1175,1,0,1,0.0,1.0,low
Attribute5,1185,1,0,1,0.0,1.0,low
Attribute5,1200,1,0,1,0.0,1.0,low
Attribute5,1201,1,0,1,0.0,1.0,low
Attribute5,1203,1,0,1,0.0,1.0,low
Attribute5,1204,1,0,1,0.0,1.0,low
Attribute5,1206,1,0,1,0.0,1.0,low
Attribute5,1213,1,0,1,0.0,1.0,low
Attribute5,1221,1,0,1,0.0,1.0,low
Attribute5,1224,1,0,1,0.0,1.0,low
Attribute5,1225,1,0,1,0.0,1.0,low
Attribute5,1231,2,0,2,0.0,1.0,low
Attribute5,1236,2,0,2,0.0,1.0,low
Attribute5,1238,1,0,1,0.0,1.0,low
Attribute5,1239,1,0,1,0.0,1.0,low
Attribute5,1244,1,0,1,0.0,1.0,low
Attribute5,1249,1,0,1,0.0,1.0,low
Attribute5,1255,1,0,1,0.0,1.0,low
Attribute5,1258,3,0,3,0.0,1.0,low
Attribute5,1262,3,0,3,0.0,1.0,low
Attribute5,1278,1,0,1,0.0,1.0,low
Attribute5,1283,1,0,1,0.0,1.0,low
Attribute5,1287,2,0,2,0.0,1.0,low
Attribute5,1288,1,0,1,0.0,1.0,low
Attribute5,1289,1,0,1,0.0,1.0,low
Attribute5,1291,1,0,1,0.0,1.0,low
Attribute5,1297,1,0,1,0.0,1.0,low
Attribute5,1299,1,0,1,0.0,1.0,low
Attribute5,1300,1,0,1,0.0,1.0,low
Attribute5,1301,1,0,1,0.0,1.0,low
Attribute5,1308,1,0,1,0.0,1.0,low
Attribute5,1311,1,0,1,0.0,1.0,low
Attribute5,1313,1,0,1,0.0,1.0,low
Attribute5,1316,1,0,1,0.0,1.0,low
Attribute5,1318,1,0,1,0.0,1.0,low
Attribute5,1322,1,0,1,0.0,1.0,low
Attribute5,1323,1,0,1,0.0,1.0,low
Attribute5,1330,1,0,1,0.0,1.0,low
Attribute5,1338,1,0,1,0.0,1.0,low
Attribute5,1343,1,0,1,0.0,1.0,low
Attribute5,1346,1,0,1,0.0,1.0,low
Attribute5,1347,1,0,1,0.0,1.0,low
Attribute5,1352,1,0,1,0.0,1.0,low
Attribute5,1360,1,0,1,0.0,1.0,low
Attribute5,1361,1,0,1,0.0,1.0,low
Attribute5,1364,2,0,2,0.0,1.0,low
Attribute5,1374,2,0,2,0.0,1.0,low
Attribute5,1376,1,0,1,0.0,1.0,low
Attribute5,1377,1,0,1,0.0,1.0,low
Attribute5,1382,2,0,2,0.0,1.0,low
Attribute5,1388,1,0,1,0.0,1.0,low
Attribute5,1391,1,0,1,0.0,1.0,low
Attribute5,1393,3,0,3,0.0,1.0,low
Attribute5,1402,1,0,1,0.0,1.0,low
Attribute5,1403,1,0,1,0.0,1.0,low
Attribute5,1409,2,0,2,0.0,1.0,low
Attribute5,1410,2,0,2,0.0,1.0,low
Attribute5,1412,1,0,1,0.0,1.0,low
Attribute5,1413,2,0,2,0.0,1.0,low
Attribute5,1414,1,0,1,0.0,1.0,low
Attribute5,1418,1,0,1,0.0,1.0,low
Attribute5,1424,2,0,2,0.0,1.0,low
Attribute5,1433,1,0,1,0.0,1.0,low
Attribute5,1444,1,0,1,0.0,1.0,low
Attribute5,1445,1,0,1,0.0,1.0,low
Attribute5,1449,2,0,2,0.0,1.0,low
Attribute5,1453,1,0,1,0.0,1.0,low
Attribute5,1455,1,0,1,0.0,1.0,low
Attribute5,1459,1,0,1,0.0,1.0,low
Attribute5,1469,1,0,1,0.0,1.0,low
Attribute5,1471,1,0,1,0.0,1.0,low
Attribute5,1473,1,0,1,0.0,1.0,low
Attribute5,1474,2,0,2,0.0,1.0,low
Attribute5,1480,1,0,1,0.0,1.0,low
Attribute5,1493,1,0,1,0.0,1.0,low
Attribute5,1494,1,0,1,0.0,1.0,low
Attribute5,1495,1,0,1,0.0,1.0,low
Attribute5,1498,1,0,1,0.0,1.0,low
Attribute5,1503,2,0,2,0.0,1.0,low
Attribute5,1505,1,0,1,0.0,1.0,low
Attribute5,1514,1,0,1,0.0,1.0,low
Attribute5,1516,1,0,1,0.0,1.0,low
Attribute5,1520,1,0,1,0.0,1.0,low
Attribute5,1521,1,0,1,0.0,1.0,low
Attribute5,1525,1,0,1,0.0,1.0,low
Attribute5,1526,1,0,1,0.0,1.0,low
Attribute5,1532,1,0,1,0.0,1.0,low
Attribute5,1537,1,0,1,0.0,1.0,low
Attribute5,1538,1,0,1,0.0,1.0,low
Attribute5,1542,1,0,1,0.0,1.0,low
Attribute5,1543,1,0,1,0.0,1.0,low
Attribute5,1544,1,0,1,0.0,1.0,low
Attribute5,1549,1,0,1,0.0,1.0,low
Attribute5,1552,1,0,1,0.0,1.0,low
Attribute5,1554,1,0,1,0.0,1.0,low
Attribute5,1559,1,0,1,0.0,1.0,low
Attribute5,1567,1,0,1,0.0,1.0,low
Attribute5,1568,1,0,1,0.0,1.0,low
Attribute5,1569,1,0,1,0.0,1.0,low
Attribute5,1572,1,0,1,0.0,1.0,low
Attribute5,1574,1,0,1,0.0,1.0,low
Attribute5,1577,1,0,1,0.0,1.0,low
Attribute5,1582,1,0,1,0.0,1.0,low
Attribute5,1585,1,0,1,0.0,1.0,low
Attribute5,1591,1,0,1,0.0,1.0,low
Attribute5,1592,1,0,1,0.0,1.0,low
Attribute5,1595,1,0,1,0.0,1.0,low
Attribute5,1597,2,0,2,0.0,1.0,low
Attribute5,1602,1,0,1,0.0,1.0,low
Attribute5,1603,1,0,1,0.0,1.0,low
Attribute5,1620,1,0,1,0.0,1.0,low
Attribute5,1655,1,0,1,0.0,1.0,low
Attribute5,1657,1,0,1,0.0,1.0,low
Attribute5,1680,1,0,1,0.0,1.0,low
Attribute5,1715,1,0,1,0.0,1.0,low
Attribute5,1721,1,0,1,0.0,1.0,low
Attribute5,1736,1,0,1,0.0,1.0,low
Attribute5,1740,1,0,1,0.0,1.0,low
Attribute5,1743,2,0,2,0.0,1.0,low
Attribute5,1747,1,0,1,0.0,1.0,low
Attribute5,1750,1,0,1,0.0,1.0,low
Attribute5,1755,1,0,1,0.0,1.0,low
Attribute5,1766,1,0,1,0.0,1.0,low
Attribute5,1768,1,0,1,0.0,1.0,low
Attribute5,1795,1,0,1,0.0,1.0,low
Attribute5,1797,1,0,1,0.0,1.0,low
Attribute5,1800,1,0,1,0.0,1.0,low
Attribute5,1804,1,0,1,0.0,1.0,low
Attribute5,1817,1,0,1,0.0,1.0,low
Attribute5,1820,1,0,1,0.0,1.0,low
Attribute5,1829,1,0,1,0.0,1.0,low
Attribute5,1851,1,0,1,0.0,1.0,low
Attribute5,1858,1,0,1,0.0,1.0,low
Attribute5,1860,1,0,1,0.0,1.0,low
Attribute5,1867,1,0,1,0.0,1.0,low
Attribute5,1872,1,0,1,0.0,1.0,low
Attribute5,1880,1,0,1,0.0,1.0,low
Attribute5,1881,1,0,1,0.0,1.0,low
Attribute5,1884,1,0,1,0.0,1.0,low
Attribute5,1887,1,0,1,0.0,1.0,low
Attribute5,1893,1,0,1,0.0,1.0,low
Attribute5,1898,1,0,1,0.0,1.0,low
Attribute5,1901,1,0,1,0.0,1.0,low
Attribute5,1905,1,0,1,0.0,1.0,low
Attribute5,1913,1,0,1,0.0,1.0,low
Attribute5,1925,1,0,1,0.0,1.0,low
Attribute5,1927,1,0,1,0.0,1.0,low
Attribute5,1934,1,0,1,0.0,1.0,low
Attribute5,1936,1,0,1,0.0,1.0,low
Attribute5,1940,2,0,2,0.0,1.0,low
Attribute5,1941,1,0,1,0.0,1.0,low
Attribute5,1950,1,0,1,0.0,1.0,low
Attribute5,1957,1,0,1,0.0,1.0,low
Attribute5,1961,1,0,1,0.0,1.0,low
Attribute5,1963,1,0,1,0.0,1.0,low
Attribute5,1965,1,0,1,0.0,1.0,low
Attribute5,1967,1,0,1,0.0,1.0,low
Attribute5,1979,1,0,1,0.0,1.0,low
Attribute5,1984,1,0,1,0.0,1.0,low
Attribute5,1995,1,0,1,0.0,1.0,low
Attribute5,2002,1,0,1,0.0,1.0,low
Attribute5,2012,1,0,1,0.0,1.0,low
Attribute5,2022,1,0,1,0.0,1.0,low
Attribute5,2028,2,0,2,0.0,1.0,low
Attribute5,2030,1,0,1,0.0,1.0,low
Attribute5,2032,1,0,1,0.0,1.0,low
Attribute5,2051,1,0,1,0.0,1.0,low
Attribute5,2058,1,0,1,0.0,1.0,low
Attribute5,2063,1,0,1,0.0,1.0,low
Attribute5,2069,1,0,1,0.0,1.0,low
Attribute5,2073,1,0,1,0.0,1.0,low
Attribute5,2080,1,0,1,0.0,1.0,low
Attribute5,2096,1,0,1,0.0,1.0,low
Attribute5,2101,1,0,1,0.0,1.0,low
Attribute5,2108,1,0,1,0.0,1.0,low
Attribute5,2116,1,0,1,0.0,1.0,low
Attribute5,2118,1,0,1,0.0,1.0,low
Attribute5,2121,1,0,1,0.0,1.0,low
Attribute5,2122,1,0,1,0.0,1.0,low
Attribute5,2132,1,0,1,0.0,1.0,low
Attribute5,2133,1,0,1,0.0,1.0,low
Attribute5,2134,1,0,1,0.0,1.0,low
Attribute5,2136,1,0,1,0.0,1.0,low
Attribute5,2141,1,0,1,0.0,1.0,low
Attribute5,2142,1,0,1,0.0,1.0,low
Attribute5,2146,1,0,1,0.0,1.0,low
Attribute5,2171,2,0,2,0.0,1.0,low
Attribute5,2181,1,0,1,0.0,1.0,low
Attribute5,2186,1,0,1,0.0,1.0,low
Attribute5,2197,1,0,1,0.0,1.0,low
Attribute5,2212,1,0,1,0.0,1.0,low
Attribute5,2214,1,0,1,0.0,1.0,low
Attribute5,2221,1,0,1,0.0,1.0,low
Attribute5,2223,1,0,1,0.0,1.0,low
Attribute5,2238,1,0,1,0.0,1.0,low
Attribute5,2241,2,0,2,0.0,1.0,low
Attribute5,2247,1,0,1,0.0,1.0,low
Attribute5,2249,1,0,1,0.0,1.0,low
Attribute5,2251,1,0,1,0.0,1.0,low
Attribute5,2255,1,0,1,0.0,1.0,low
Attribute5,2273,1,0,1,0.0,1.0,low
Attribute5,2279,1,0,1,0.0,1.0,low
Attribute5,2284,1,0,1,0.0,1.0,low
Attribute5,2288,1,0,1,0.0,1.0,low
Attribute5,2299,1,0,1,0.0,1.0,low
Attribute5,2301,1,0,1,0.0,1.0,low
Attribute5,2315,1,0,1,0.0,1.0,low
Attribute5,2320,1,0,1,0.0,1.0,low
Attribute5,2323,1,0,1,0.0,1.0,low
Attribute5,2325,1,0,1,0.0,1.0,low
Attribute5,2326,1,0,1,0.0,1.0,low
Attribute5,2329,1,0,1,0.0,1.0,low
Attribute5,2331,1,0,1,0.0,1.0,low
Attribute5,2333,2,0,2,0.0,1.0,low
Attribute5,2337,1,0,1,0.0,1.0,low
Attribute5,2346,1,0,1,0.0,1.0,low
Attribute5,2348,1,0,1,0.0,1.0,low
Attribute5,2353,1,0,1,0.0,1.0,low
Attribute5,2360,1,0,1,0.0,1.0,low
Attribute5,2366,1,0,1,0.0,1.0,low
Attribute5,2375,1,0,1,0.0,1.0,low
Attribute5,2389,1,0,1,0.0,1.0,low
Attribute5,2390,1,0,1,0.0,1.0,low
Attribute5,2394,1,0,1,0.0,1.0,low
Attribute5,2404,1,0,1,0.0,1.0,low
Attribute5,2415,1,0,1,0.0,1.0,low
Attribute5,2424,1,0,1,0.0,1.0,low
Attribute5,2427,1,0,1,0.0,1.0,low
Attribute5,2442,1,0,1,0.0,1.0,low
Attribute5,2445,1,0,1,0.0,1.0,low
Attribute5,2463,1,0,1,0.0,1.0,low
Attribute5,2476,1,0,1,0.0,1.0,low
Attribute5,2483,1,0,1,0.0,1.0,low
Attribute5,2503,1,0,1,0.0,1.0,low
Attribute5,2507,1,0,1,0.0,1.0,low
Attribute5,2511,1,0,1,0.0,1.0,low
Attribute5,2515,1,0,1,0.0,1.0,low
Attribute5,2522,1,0,1,0.0,1.0,low
Attribute5,2528,1,0,1,0.0,1.0,low
Attribute5,2569,1,0,1,0.0,1.0,low
Attribute5,2576,1,0,1,0.0,1.0,low
Attribute5,2577,1,0,1,0.0,1.0,low
Attribute5,2578,2,0,2,0.0,1.0,low
Attribute5,2603,1,0,1,0.0,1.0,low
Attribute5,2606,1,0,1,0.0,1.0,low
Attribute5,2611,1,0,1,0.0,1.0,low
Attribute5,2613,1,0,1,0.0,1.0,low
Attribute5,2622,1,0,1,0.0,1.0,low
Attribute5,2629,1,0,1,0.0,1.0,low
Attribute5,2647,1,0,1,0.0,1.0,low
Attribute5,2659,1,0,1,0.0,1.0,low
Attribute5,2662,1,0,1,0.0,1.0,low
Attribute5,2670,1,0,1,0.0,1.0,low
Attribute5,2675,1,0,1,0.0,1.0,low
Attribute5,2679,1,0,1,0.0,1.0,low
Attribute5,2684,1,0,1,0.0,1.0,low
Attribute5,2687,1,0,1,0.0,1.0,low
Attribute5,2697,1,0,1,0.0,1.0,low
Attribute5,2708,1,0,1,0.0,1.0,low
Attribute5,2728,1,0,1,0.0,1.0,low
Attribute5,2743,1,0,1,0.0,1.0,low
Attribute5,2745,1,0,1,0.0,1.0,low
Attribute5,2748,1,0,1,0.0,1.0,low
Attribute5,2751,1,0,1,0.0,1.0,low
Attribute5,2753,1,0,1,0.0,1.0,low
Attribute5,2759,1,0,1,0.0,1.0,low
Attribute5,2760,1,0,1,0.0,1.0,low
Attribute5,2764,1,0,1,0.0,1.0,low
Attribute5,2779,1,0,1,0.0,1.0,low
Attribute5,2782,1,0,1,0.0,1.0,low
Attribute5,2788,1,0,1,0.0,1.0,low
Attribute5,2799,1,0,1,0.0,1.0,low
Attribute5,2812,1,0,1,0.0,1.0,low
Attribute5,2825,1,0,1,0.0,1.0,low
Attribute5,2828,1,0,1,0.0,1.0,low
Attribute5,2831,1,0,1,0.0,1.0,low
Attribute5,2835,1,0,1,0.0,1.0,low
Attribute5,2848,1,0,1,0.0,1.0,low
Attribute5,2859,1,0,1,0.0,1.0,low
Attribute5,2862,1,0,1,0.0,1.0,low
Attribute5,2872,1,0,1,0.0,1.0,low
Attribute5,2892,1,0,1,0.0,1.0,low
Attribute5,2896,1,0,1,0.0,1.0,low
Attribute5,2899,1,0,1,0.0,1.0,low
Attribute5,2901,1,0,1,0.0,1.0,low
Attribute5,2910,1,0,1,0.0,1.0,low
Attribute5,2923,1,0,1,0.0,1.0,low
Attribute5,2924,1,0,1,0.0,1.0,low
Attribute5,2930,1,0,1,0.0,1.0,low
Attribute5,2957,1,0,1,0.0,1.0,low
Attribute5,2964,1,0,1,0.0,1.0,low
Attribute5,2978,2,0,2,0.0,1.0,low
Attribute5,2991,1,0,1,0.0,1.0,low
Attribute5,2993,1,0,1,0.0,1.0,low
Attribute5,3001,1,0,1,0.0,1.0,low
Attribute5,3016,1,0,1,0.0,1.0,low
Attribute5,3017,2,0,2,0.0,1.0,low
Attribute5,3021,1,0,1,0.0,1.0,low
Attribute5,3029,1,0,1,0.0,1.0,low
Attribute5,3049,1,0,1,0.0,1.0,low
Attribute5,3059,1,0,1,0.0,1.0,low
Attribute5,3062,1,0,1,0.0,1.0,low
Attribute5,3069,1,0,1,0.0,1.0,low
Attribute5,3074,1,0,1,0.0,1.0,low
Attribute5,3077,2,0,2,0.0,1.0,low
Attribute5,3079,1,0,1,0.0,1.0,low
Attribute5,3104,1,0,1,0.0,1.0,low
Attribute5,3105,1,0,1,0.0,1.0,low
Attribute5,3124,1,0,1,0.0,1.0,low
Attribute5,3148,1,0,1,0.0,1.0,low
Attribute5,3149,1,0,1,0.0,1.0,low
Attribute5,3160,1,0,1,0.0,1.0,low
Attribute5,3181,1,0,1,0.0,1.0,low
Attribute5,3186,1,0,1,0.0,1.0,low
Attribute5,3195,1,0,1,0.0,1.0,low
Attribute5,3213,1,0,1,0.0,1.0,low
Attribute5,3229,1,0,1,0.0,1.0,low
Attribute5,3235,1,0,1,0.0,1.0,low
Attribute5,3244,1,0,1,0.0,1.0,low
Attribute5,3249,1,0,1,0.0,1.0,low
Attribute5,3275,1,0,1,0.0,1.0,low
Attribute5,3331,1,0,1,0.0,1.0,low
Attribute5,3342,1,0,1,0.0,1.0,low
Attribute5,3343,1,0,1,0.0,1.0,low
Attribute5,3357,1,0,1,0.0,1.0,low
Attribute5,3368,1,0,1,0.0,1.0,low
Attribute5,3378,1,0,1,0.0,1.0,low
Attribute5,3380,1,0,1,0.0,1.0,low
Attribute5,3394,1,0,1,0.0,1.0,low
Attribute5,3398,1,0,1,0.0,1.0,low
Attribute5,3399,1,0,1,0.0,1.0,low
Attribute5,3416,1,0,1,0.0,1.0,low
Attribute5,3422,1,0,1,0.0,1.0,low
Attribute5,3430,1,0,1,0.0,1.0,low
Attribute5,3447,1,0,1,0.0,1.0,low
Attribute5,3448,1,0,1,0.0,1.0,low
Attribute5,3485,1,0,1,0.0,1.0,low
Attribute5,3488,1,0,1,0.0,1.0,low
Attribute5,3496,1,0,1,0.0,1.0,low
Attribute5,3509,1,0,1,0.0,1.0,low
Attribute5,3512,1,0,1,0.0,1.0,low
Attribute5,3518,1,0,1,0.0,1.0,low
Attribute5,3527,1,0,1,0.0,1.0,low
Attribute5,3535,1,0,1,0.0,1.0,low
Attribute5,3556,1,0,1,0.0,1.0,low
Attribute5,3565,1,0,1,0.0,1.0,low
Attribute5,3566,1,0,1,0.0,1.0,low
Attribute5,3568,1,0,1,0.0,1.0,low
Attribute5,3573,1,0,1,0.0,1.0,low
Attribute5,3577,1,0,1,0.0,1.0,low
Attribute5,3578,1,0,1,0.0,1.0,low
Attribute5,3590,2,0,2,0.0,1.0,low
Attribute5,3594,1,0,1,0.0,1.0,low
Attribute5,3595,1,0,1,0.0,1.0,low
Attribute5,3599,1,0,1,0.0,1.0,low
Attribute5,3609,1,0,1,0.0,1.0,low
Attribute5,3612,1,0,1,0.0,1.0,low
Attribute5,3617,2,0,2,0.0,1.0,low
Attribute5,3620,1,0,1,0.0,1.0,low
Attribute5,3622,1,0,1,0.0,1.0,low
Attribute5,3632,1,0,1,0.0,1.0,low
Attribute5,3643,1,0,1,0.0,1.0,low
Attribute5,3650,1,0,1,0.0,1.0,low
Attribute5,3651,1,0,1,0.0,1.0,low
Attribute5,3652,1,0,1,0.0,1.0,low
Attribute5,3656,1,0,1,0.0,1.0,low
Attribute5,3660,1,0,1,0.0,1.0,low
Attribute5,3676,1,0,1,0.0,1.0,low
Attribute5,3711,1,0,1,0.0,1.0,low
Attribute5,3749,1,0,1,0.0,1.0,low
Attribute5,3757,1,0,1,0.0,1.0,low
Attribute5,3758,1,0,1,0.0,1.0,low
Attribute5,3763,1,0,1,0.0,1.0,low
Attribute5,3777,1,0,1,0.0,1.0,low
Attribute5,3780,1,0,1,0.0,1.0,low
Attribute5,3812,1,0,1,0.0,1.0,low
Attribute5,3832,2,0,2,0.0,1.0,low
Attribute5,3835,1,0,1,0.0,1.0,low
Attribute5,3850,1,0,1,0.0,1.0,low
Attribute5,3857,1,0,1,0.0,1.0,low
Attribute5,3863,1,0,1,0.0,1.0,low
Attribute5,3868,1,0,1,0.0,1.0,low
Attribute5,3872,1,0,1,0.0,1.0,low
Attribute5,3878,1,0,1,0.0,1.0,low
Attribute5,3905,1,0,1,0.0,1.0,low
Attribute5,3913,1,0,1,0.0,1.0,low
Attribute5,3939,1,0,1,0.0,1.0,low
Attribute5,3949,1,0,1,0.0,1.0,low
Attribute5,3972,1,0,1,0.0,1.0,low
Attribute5,3973,1,0,1,0.0,1.0,low
Attribute5,3976,1,0,1,0.0,1.0,low
Attribute5,3979,1,0,1,0.0,1.0,low
Attribute5,3990,1,0,1,0.0,1.0,low
Attribute5,4020,1,0,1,0.0,1.0,low
Attribute5,4042,2,0,2,0.0,1.0,low
Attribute5,4139,1,0,1,0.0,1.0,low
Attribute5,4151,1,0,1,0.0,1.0,low
Attribute5,4169,1,0,1,0.0,1.0,low
Attribute5,4221,1,0,1,0.0,1.0,low
Attribute5,4272,2,0,2,0.0,1.0,low
Attribute5,4351,1,0,1,0.0,1.0,low
Attribute5,4380,1,0,1,0.0,1.0,low
Attribute5,4439,1,0,1,0.0,1.0,low
Attribute5,4454,1,0,1,0.0,1.0,low
Attribute5,4473,1,0,1,0.0,1.0,low
Attribute5,4526,2,0,2,0.0,1.0,low
Attribute5,4530,1,0,1,0.0,1.0,low
Attribute5,4576,1,0,1,0.0,1.0,low
Attribute5,4583,1,0,1,0.0,1.0,low
Attribute5,4594,1,0,1,0.0,1.0,low
Attribute5,4657,1,0,1,0.0,1.0,low
Attribute5,4675,1,0,1,0.0,1.0,low
Attribute5,4679,1,0,1,0.0,1.0,low
Attribute5,4686,1,0,1,0.0,1.0,low
Attribute5,4712,1,0,1,0.0,1.0,low
Attribute5,4716,1,0,1,0.0,1.0,low
Attribute5,4771,1,0,1,0.0,1.0,low
Attribute5,4788,1,0,1,0.0,1.0,low
Attribute5,4795,1,0,1,0.0,1.0,low
Attribute5,4796,1,0,1,0.0,1.0,low
Attribute5,4811,1,0,1,0.0,1.0,low
Attribute5,5045,1,0,1,0.0,1.0,low
Attribute5,5084,1,0,1,0.0,1.0,low
Attribute5,5103,1,0,1,0.0,1.0,low
Attribute5,5117,1,0,1,0.0,1.0,low
Attribute5,5150,1,0,1,0.0,1.0,low
Attribute5,5152,1,0,1,0.0,1.0,low
Attribute5,5190,1,0,1,0.0,1.0,low
Attribute5,5248,1,0,1,0.0,1.0,low
Attribute5,5302,1,0,1,0.0,1.0,low
Attribute5,5324,1,0,1,0.0,1.0,low
Attribute5,5371,1,0,1,0.0,1.0,low
Attribute5,5381,1,0,1,0.0,1.0,low
Attribute5,5433,1,0,1,0.0,1.0,low
Attribute5,5493,1,0,1,0.0,1.0,low
Attribute5,5507,1,0,1,0.0,1.0,low
Attribute5,5511,1,0,1,0.0,1.0,low
Attribute5,5711,1,0,1,0.0,1.0,low
Attribute5,5742,1,0,1,0.0,1.0,low
Attribute5,5743,1,0,1,0.0,1.0,low
Attribute5,5771,1,0,1,0.0,1.0,low
Attribute5,5800,1,0,1,0.0,1.0,low
Attribute5,5801,1,0,1,0.0,1.0,low
Attribute5,5804,1,0,1,0.0,1.0,low
Attribute5,5842,1,0,1,0.0,1.0,low
Attribute5,5848,1,0,1,0.0,1.0,low
Attribute5,5866,1,0,1,0.0,1.0,low
Attribute5,5954,2,0,2,0.0,1.0,low
Attribute5,5965,1,0,1,0.0,1.0,low
Attribute5,6070,1,0,1,0.0,1.0,low
Attribute5,6078,1,0,1,0.0,1.0,low
Attribute5,6110,1,0,1,0.0,1.0,low
Attribute5,6148,1,0,1,0.0,1.0,low
Attribute5,6187,1,0,1,0.0,1.0,low
Attribute5,6204,1,0,1,0.0,1.0,low
Attribute5,6260,1,0,1,0.0,1.0,low
Attribute5,6289,1,0,1,0.0,1.0,low
Attribute5,6304,1,0,1,0.0,1.0,low
Attribute5,6313,1,0,1,0.0,1.0,low
Attribute5,6314,1,0,1,0.0,1.0,low
Attribute5,6361,1,0,1,0.0,1.0,low
Attribute5,6403,1,0,1,0.0,1.0,low
Attribute5,6419,1,0,1,0.0,1.0,low
Attribute5,6527,1,0,1,0.0,1.0,low
Attribute5,6568,1,0,1,0.0,1.0,low
Attribute5,6579,1,0,1,0.0,1.0,low
Attribute5,6614,1,0,1,0.0,1.0,low
Attribute5,6615,1,0,1,0.0,1.0,low
Attribute5,6681,1,0,1,0.0,1.0,low
Attribute5,6742,1,0,1,0.0,1.0,low
Attribute5,6842,1,0,1,0.0,1.0,low
Attribute5,6948,1,0,1,0.0,1.0,low
Attribute5,6967,1,0,1,0.0,1.0,low
Attribute5,7057,1,0,1,0.0,1.0,low
Attribute5,7166,1,0,1,0.0,1.0,low
Attribute5,7228,1,0,1,0.0,1.0,low
Attribute5,7238,1,0,1,0.0,1.0,low
Attribute5,7253,1,0,1,0.0,1.0,low
Attribute5,7308,1,0,1,0.0,1.0,low
Attribute5,7374,1,0,1,0.0,1.0,low
Attribute5,7393,1,0,1,0.0,1.0,low
Attribute5,7409,1,0,1,0.0,1.0,low
Attribute5,7418,1,0,1,0.0,1.0,low
Attribute5,7432,1,0,1,0.0,1.0,low
Attribute5,7472,1,0,1,0.0,1.0,low
Attribute5,7476,1,0,1,0.0,1.0,low
Attribute5,7582,1,0,1,0.0,1.0,low
Attribute5,7596,1,0,1,0.0,1.0,low
Attribute5,7629,1,0,1,0.0,1.0,low
Attribute5,7678,1,0,1,0.0,1.0,low
Attribute5,7721,1,0,1,0.0,1.0,low
Attribute5,7758,1,0,1,0.0,1.0,low
Attribute5,7814,1,0,1,0.0,1.0,low
Attribute5,7824,1,0,1,0.0,1.0,low
Attribute5,7882,1,0,1,0.0,1.0,low
Attribute5,7966,1,0,1,0.0,1.0,low
Attribute5,8072,1,0,1,0.0,1.0,low
Attribute5,8133,1,0,1,0.0,1.0,low
Attribute5,8358,1,0,1,0.0,1.0,low
Attribute5,8471,1,0,1,0.0,1.0,low
Attribute5,8487,1,0,1,0.0,1.0,low
Attribute5,8588,1,0,1,0.0,1.0,low
Attribute5,8613,1,0,1,0.0,1.0,low
Attribute5,8858,1,0,1,0.0,1.0,low
Attribute5,8947,1,0,1,0.0,1.0,low
Attribute5,9055,1,0,1,0.0,1.0,low
Attribute5,9157,1,0,1,0.0,1.0,low
Attribute5,9277,1,0,1,0.0,1.0,low
Attribute5,9283,1,0,1,0.0,1.0,low
Attribute5,9436,1,0,1,0.0,1.0,low
Attribute5,9566,1,0,1,0.0,1.0,low
Attribute5,9857,1,0,1,0.0,1.0,low
Attribute5,10144,1,0,1,0.0,1.0,low
Attribute5,10222,1,0,1,0.0,1.0,low
Attribute5,10366,1,0,1,0.0,1.0,low
Attribute5,10477,1,0,1,0.0,1.0,low
Attribute5,10623,1,0,1,0.0,1.0,low
Attribute5,10722,1,0,1,0.0,1.0,low
Attribute5,10875,1,0,1,0.0,1.0,low
Attribute5,11054,1,0,1,0.0,1.0,low
Attribute5,11760,1,0,1,0.0,1.0,low
Attribute5,12169,1,0,1,0.0,1.0,low
Attribute5,12204,1,0,1,0.0,1.0,low
Attribute5,12749,1,0,1,0.0,1.0,low
Attribute5,13756,1,0,1,0.0,1.0,low
Attribute5,14179,1,0,1,0.0,1.0,low
Attribute5,15653,1,0,1,0.0,1.0,low
Attribute5,15857,1,0,1,0.0,1.0,low
Attribute6,A61,603,217,386,0.3598673300165838,0.6401326699834162,medium
Attribute6,A62,103,34,69,0.3300970873786408,0.6699029126213593,medium
Attribute6,A65,183,32,151,0.17486338797814208,0.825136612021858,low
Attribute6,A63,63,11,52,0.1746031746031746,0.8253968253968254,low
Attribute6,A64,48,6,42,0.125,0.875,low
Attribute7,A72,172,70,102,0.4069767441860465,0.5930232558139535,medium
Attribute7,A71,62,23,39,0.3709677419354839,0.6290322580645161,medium
Attribute7,A73,339,104,235,0.30678466076696165,0.6932153392330384,medium
Attribute7,A75,253,64,189,0.25296442687747034,0.7470355731225297,low
Attribute7,A74,174,39,135,0.22413793103448276,0.7758620689655172,low
Attribute8,4,476,159,317,0.33403361344537813,0.6659663865546218,medium
Attribute8,3,157,45,112,0.28662420382165604,0.7133757961783439,low
Attribute8,2,231,62,169,0.2683982683982684,0.7316017316017316,low
Attribute8,1,136,34,102,0.25,0.75,low
Attribute9,A91,50,20,30,0.4,0.6,medium
Attribute9,A92,310,109,201,0.35161290322580646,0.6483870967741936,medium
Attribute9,A94,92,25,67,0.2717391304347826,0.7282608695652174,low
Attribute9,A93,548,146,402,0.2664233576642336,0.7335766423357665,low
